Year,Manufacturer,Model,CarOrdinal
2016,Abarth,695 Biposto,2489
2013,Abarth,Punto SuperSport,1666
1980,Abarth,Fiat 131,1124
1968,Abarth,595 esseesse,2017
2017,Acura,NSX,2352
2017,Acura,NSX Forza Edition,2779
2002,Acura,RSX Type-S,422
2001,Acura,Integra Type-R,368
2017,Alfa Romeo,Giulia Quadrifoglio,2542
2014,Alfa Romeo,4C,2038
2011,Alfa Romeo,Giulietta Quadrifoglio Verde,1325
2007,Alfa Romeo,8C Competizione,1032
1992,Alfa Romeo,155 Q4,1393
1992,Alfa Romeo,Milano Quadrifoglio Verde,2190
1990,Alfa Romeo,SZ Sprint Zagato,1571
1986,Alfa Romeo,GTV-6,1507
1986,Alfa Romeo,Spider Quadrifoglio Verde,1377
1970,Alfa Romeo,Montreal,1461
1968,Alfa Romeo,33 Stradale,1549
1965,Alfa Romeo,Giulia Sprint GTA Stradale,1150
1965,Alfa Romeo,Giulia TZ2,2161
1958,Alfa Romeo,Giulietta Sprint Veloce,3027
1950,Alfa Romeo,158,2411
1934,Alfa Romeo,P3,2122
1932,Alfa Romeo,8C 2300 Spider,2802
2015,Alumi Craft,Class 10 Race Car,2552
1977,AMC,Pacer X,1463
1971,AMC,Javelin AMX,1267
1970,AMC,Rebel 'The Machine',1572
2016,Ariel,Nomad,2430
2013,Ariel,Atom 500 V8,1651
2017,Aston Martin,2017er Aston Martin #7 V12 Vantage GT3,2860
2017,Aston Martin,DB11,2527
2016,Aston Martin,Vantage GT12,2493
2016,Aston Martin,Vulcan,2470
2013,Aston Martin,V12 Vantage S,2181
2012,Aston Martin,V12 Zagato,2378
2012,Aston Martin,Vanquish,1636
2010,Aston Martin,One-77,1181
2008,Aston Martin,DBS,1081
2006,Aston Martin,#007 Aston Martin Racing DBR9,631
1998,Aston Martin,V8 Vantage V600,1519
1989,Aston Martin,#18 Aston Martin AMR1,1551
1977,Aston Martin,V8 Vantage,1326
1964,Aston Martin,DB5,1105
1960,Aston Martin,DB4 GT Zagato,1550
1958,Aston Martin,DBR1,1386
2018,Audi,#1 Audi Sport RS 3 LMS,2852
2016,Audi,#17 Rotek Racing TT RS,2859
2016,Audi,R8 V10 plus,2473
2015,Audi,RS 6 Avant,2180
2015,Audi,S1,2179
2015,Audi,S3 Sedan,2132
2015,Audi,TTS CoupÃ©,2182
2014,Audi,#2 Audi Team Joest R18 e-tron quattro,2271
2014,Audi,#45 Flying Lizard Motorsports R8 LMS ultra,2221
2014,Audi,#67 Rotek Racing S3 Saloon,2222
2013,Audi,R8 CoupÃ© V10 plus 5.2 FSI quattro,2010
2013,Audi,RS 4 Avant,1607
2013,Audi,RS 7 Sportback,2009
2012,Audi,#1 Audi Team Joest R18 e-tron quattro,2014
2011,Audi,#2 Audi Sport Team Joest R15++ TDI,1436
2011,Audi,RS 3 Sportback,1216
2011,Audi,RS 5 CoupÃ©,1417
2010,Audi,TT RS CoupÃ©,1220
2009,Audi,Q7 V12 TDI,1053
2009,Audi,RS 6,1184
2006,Audi,RS 4,419
2004,Audi,S4,428
2003,Audi,RS 6,420
2001,Audi,RS 4 Avant,2178
1995,Audi,RS 2 Avant,1370
1989,Audi,#4 Audi 90 quattro IMSA GTO,1573
1986,Audi,#2 Audi Sport quattro S1,1478
1983,Audi,Sport quattro,633
1939,Auto Union,Type D,2096
2014,BAC,Mono,2040
2017,Bentley,#17A LIQUI MOLY M-Sport Continental GT3,2223
2017,Bentley,Continental Supersports,2665
2016,Bentley,Bentayga,2625
2015,Bentley,EXP 10 Speed 6 Concept,2490
2013,Bentley,Continental GT Speed,2041
2018,BMW,#1 BMW M Motorsport M8 GTE,3073
2017,BMW,#24 BMW Team RLL M6 GTLM,2824
2016,BMW,M2 CoupÃ©,2477
2016,BMW,M4 GTS,2628
2015,BMW,i8,2133
2015,BMW,X6 M,2431
2014,BMW,#5 eBay Motors 125i M Sport,2224
2014,BMW,#55 BMW Team RLL Z4 GTE,2225
2014,BMW,#56 BMW Team RLL Z4 GTE,2336
2014,BMW,M4 Coupe,2154
2014,BMW,M4 CoupÃ© Forza Edition,2672
2013,BMW,M6 Coupe,2018
2012,BMW,M5,1388
2011,BMW,1 Series M Coupe,1385
2011,BMW,X5 M,1350
2011,BMW,Z4 sDrive35is,1218
2010,BMW,M6 Coupe,1217
2009,BMW,#92 Rahal Letterman Racing M3 GT2,1111
2009,BMW,M5,1126
2008,BMW,M3,1011
2008,BMW,Z4 M Coupe,1059
2005,BMW,M3,383
2003,BMW,M5,1367
2002,BMW,Z3 M Coupe,1268
2000,BMW,323ti Sport,2193
2000,BMW,Z8,1327
1999,BMW,#15 BMW Motorsport V12 LMR,505
1999,BMW,#16 BMW Motorsport V12 LMR,2300
1997,BMW,M3,382
1997,BMW,M3 Forza Edition,2671
1995,BMW,850CSi,1493
1995,BMW,850CSi Forza Edition,3056
1995,BMW,M5,1418
1991,BMW,M3,642
1991,BMW,M3 Forza Edition,3077
1988,BMW,M5,1368
1986,BMW,M635 CSi,1290
1981,BMW,M1,1040
1979,BMW,#6 BMW Motorsport M1 Procar,2103
1975,BMW,#25 BMW Motorsport 3.0 CSL,2112
1973,BMW,2002 Turbo,1269
1959,BMW,507,1508
1957,BMW,Isetta 300 Export,2412
1939,BMW,328,1552
2012,Bowler,EXR S,1494
1977,Brabham,#8 Motor Racing Developments BT45B,2274
1967,Brabham,BT24,2033
2018,Bugatti,Chiron,2624
2011,Bugatti,Veyron Super Sport,1328
1992,Bugatti,EB110 Super Sport,1219
1926,Bugatti,Type 35 C,2066
1987,Buick,Regal GNX,417
1970,Buick,GSX,1329
2016,Cadillac,ATS-V,2262
2016,Cadillac,ATS-V Forza Edition,2781
2016,Cadillac,CTS-V Sedan,2421
2013,Cadillac,XTS Limousine,2128
2012,Cadillac,Escalade ESV,1626
2012,Cadillac,Escalade ESV Forza Edition,2878
2011,Cadillac,CTS-V Coupe,1255
2013,Caterham,Superlight R500,1652
1966,Chaparral,#66 Chaparral Cars 2E,1553
2017,Chevrolet,#2 Team Penske IndyCar,2757
2017,Chevrolet,#24 Hendrick Motorsports KBB Super Sport,2830
2017,Chevrolet,#24 Hendrick Motorsports Mountain Dew Super Sport,2828
2017,Chevrolet,#24 Hendrick Motorsports NAPA Super Sport,2829
2017,Chevrolet,#4 AJ Foyt Enterprises IndyCar,2821
2017,Chevrolet,Camaro ZL1,2739
2017,Chevrolet,Camaro ZL1 Forza Edition,2782
2017,Chevrolet,Colorado ZR2,2847
2016,Chevrolet,Camaro Super Sport,2523
2015,Chevrolet,#10 Konica Minolta Corvette Daytona Prototype,2485
2015,Chevrolet,Corvette Z06,2177
2015,Chevrolet,Corvette Z06 Forza Edition,2675
2014,Chevrolet,#3 Corvette Racing Corvette C7.R,2226
2014,Chevrolet,#4 ROAL Motorsport RML Cruze TC1 WTCC,2317
2014,Chevrolet,Super Sport,2134
2014,Chevrolet,Super Sport Forza Edition,2879
2012,Chevrolet,Camaro ZL1,1419
2011,Chevrolet,#4 Corvette Racing ZR1,1438
2010,Chevrolet,#55 Level 5 Motorsports Oreca FLM09,1317
2010,Chevrolet,#89 Intersport Racing Oreca FLM09,1404
2010,Chevrolet,#99 Green Earth Team Gunnar Oreca FLM09,1405
2009,Chevrolet,Corvette ZR1,1069
2002,Chevrolet,Camaro 35th Anniversary Super Sport,287
2002,Chevrolet,Corvette Z06,314
1995,Chevrolet,Corvette ZR-1,2006
1990,Chevrolet,Camaro IROC-Z,1033
1988,Chevrolet,Monte Carlo Super Sport,1575
1988,Chevrolet,Monte Carlo Super Sport Forza Edition,2880
1979,Chevrolet,Camaro Z28,1064
1976,Chevrolet,#76 Greenwood Corvette,2776
1971,Chevrolet,Vega GT,1614
1970,Chevrolet,Camaro Z28,1330
1970,Chevrolet,Chevelle Super Sport 454,299
1970,Chevrolet,Chevelle Super Sport 454 Forza Edition,2674
1970,Chevrolet,Chevelle Super Sport Barrett-Jackson Edition,3040
1970,Chevrolet,Corvette ZR-1,315
1970,Chevrolet,El Camino Super Sport 454,1291
1969,Chevrolet,Camaro Super Sport CoupÃ©,289
1969,Chevrolet,Camaro Super Sport CoupÃ© Forza Edition,2673
1969,Chevrolet,Nova Super Sport 396,1429
1967,Chevrolet,Chevelle Super Sport 396,1420
1967,Chevrolet,Corvette Stingray 427,312
1966,Chevrolet,Corvette Fast & Furious Edition,2806
1966,Chevrolet,Nova Super Sport,1354
1964,Chevrolet,Impala Super Sport 409,1300
1964,Chevrolet,Impala Super Sport 409 Forza Edition,2876
1960,Chevrolet,Corvette,1093
1957,Chevrolet,Bel Air,1459
1957,Chevrolet,Bel Air Forza Edition,2883
1955,Chevrolet,150 Utility Sedan,2507
1953,Chevrolet,Corvette,1564
1949,Chevrolet,Fleetline Special Fast & Furious Edition,2818
2012,Chrysler,300 SRT8,1474
1972,Chrysler,VH Valiant Charger R/T E49,2581
1970,CitroÃ«n,2CV,2157
1979,Datsun,#33 Bob Sharp Racing 280ZX Turbo,2488
1970,Datsun,510,1104
1969,Datsun,2000 Roadster,2272
2018,Dodge,Demon Fast & Furious Edition,2813
2018,Dodge,Durango SRT,2839
2016,Dodge,Viper ACR,2544
2015,Dodge,Challenger SRT Hellcat,2263
2015,Dodge,Charger SRT Hellcat,2468
2014,Dodge,#93 SRT Motorsports Viper GTS-R,2229
2013,Dodge,Dart GT,2104
2013,Dodge,Dart GT Forza Edition,2886
2012,Dodge,Challenger SRT8 392,1620
2012,Dodge,Charger SRT8,1422
2008,Dodge,Viper SRT10 ACR,1046
2008,Dodge,Viper SRT10 ACR Forza Edition,2679
2005,Dodge,SRT-4 ACR,1306
1999,Dodge,Viper GTS ACR,483
1986,Dodge,Shelby Omni GLHS,1292
1970,Dodge,Challenger R/T,639
1970,Dodge,Coronet Super Bee,1352
1969,Dodge,Charger Daytona HEMI,1063
1969,Dodge,Charger Daytona HEMI Forza Edition,2882
1969,Dodge,Charger R/T,513
1968,Dodge,Charger Fast & Furious Edition,2816
1968,Dodge,Dart HEMI Super Stock,1332
1968,Dodge,Dart HEMI Super Stock Forza Edition,2677
1967,Dodge,Coronet W023,1443
2013,Donkervoort,D8 GTO,2105
1998,Eagle,Talon TSi Turbo,462
1967,Eagle-Weslake,T1G,2275
2018,Exomotive,Exocet Sport V8 XP-5,2866
2017,Ferrari,812 Superfast,2974
2017,Ferrari,GTC4Lusso,3122
2015,Ferrari,488 GTB,2467
2015,Ferrari,F12tdf,2577
2014,Ferrari,#51 AF Corse 458 Italia GTE,2367
2014,Ferrari,#62 Risi Competizione 458 Italia GTLM,2230
2014,Ferrari,California T,2194
2014,Ferrari,FXX K,2371
2013,Ferrari,458 Speciale,2184
2013,Ferrari,LaFerrari,2034
2012,Ferrari,599XX Evolution,1599
2012,Ferrari,F12berlinetta,1570
2011,Ferrari,#62 Risi Competizione 458 Italia GTC,1440
2011,Ferrari,FF,1389
2010,Ferrari,599 GTO,1319
2010,Ferrari,599XX,1171
2009,Ferrari,458 Italia,1131
2008,Ferrari,California,1062
2007,Ferrari,430 Scuderia,1022
2004,Ferrari,612 Scaglietti,258
2003,Ferrari,360 Challenge Stradale,297
2002,Ferrari,575M Maranello,257
2002,Ferrari,Enzo Ferrari,333
1998,Ferrari,#12 Risi Competizione F333 SP,524
1998,Ferrari,#30 MOMO Doran Racing F333 SP,1096
1996,Ferrari,F50 GT,1020
1995,Ferrari,F50,342
1994,Ferrari,F355 Berlinetta,253
1992,Ferrari,512 TR,255
1990,Ferrari,#1 Scuderia Ferrari 641,2126
1989,Ferrari,F40 Competizione,1023
1987,Ferrari,F40,340
1984,Ferrari,288 GTO,358
1982,Ferrari,#71 Ferrari France 512 BB/LM,2406
1982,Ferrari,#72 N.A.R.T. 512 BB/LM,2315
1976,Ferrari,#1 Scuderia Ferrari 312 T2,2015
1971,Ferrari,#2 Ferrari Automobili 312 P,1465
1969,Ferrari,Dino 246 GT,326
1968,Ferrari,365 GTB/4,1318
1967,Ferrari,#24 Ferrari Spa 330 P4,2793
1964,Ferrari,F-158 F1,2401
1963,Ferrari,250LM,2268
1962,Ferrari,250 GT Berlinetta Lusso,1578
1962,Ferrari,250 GTO,249
1957,Ferrari,250 California,1271
1957,Ferrari,250 Testa Rossa,1154
1953,Ferrari,500 Mondial,2186
1952,Ferrari,375,2070
1948,Ferrari,166 Inter Sport,3019
1948,Ferrari,166MM Barchetta,2556
2017,FIAT,124 Spider Abarth,2740
1980,FIAT,124 Sport Spider,2195
1975,FIAT,X1/9,1579
1969,FIAT,Dino 2.4 Coupe,1615
1952,FIAT,8V Supersonic,1555
2018,Ford,#25 Mustang RTR,3093
2018,Ford,#88 Mustang RTR,3151
2018,Ford,Mustang RTR Spec 5,3108
2017,Ford,#17 Shell V-Power Racing Team Falcon FG X,2760
2017,Ford,#22 Team Penske Autotrader Fusion,2833
2017,Ford,#22 Team Penske Duralast GT Fusion,2832
2017,Ford,#22 Team Penske Pennzoil Fusion,2831
2017,Ford,F-150 Raptor,2397
2017,Ford,F-150 Raptor Forza Edition,2681
2017,Ford,F-150 Raptor Project Scorpio Edition,2890
2017,Ford,F-150 Raptor Race Truck,2718
2017,Ford,Focus RS,2357
2017,Ford,Focus RS Forza Edition,2682
2017,Ford,GT,2363
2017,Ford,GT Forza Edition,2684
2016,Ford,#55 Supercheap Falcon FG X,2658
2016,Ford,#66 Ford Racing GT Le Mans,2543
2016,Ford,GYMKHANA 9 Focus RS RX,2648
2016,Ford,Shelby GT350R,2400
2016,Ford,Shelby GT350R Forza Edition,2791
2015,Ford,#02 Chip Ganassi Racing Riley MK XXVI Daytona Prototype,2409
2015,Ford,#17 Xbox Racing Ford Falcon FG X,2407
2015,Ford,#5 Pepsi Max Crew PRA Falcon FG X,2502
2015,Ford,Falcon GT F 351,2580
2015,Ford,Falcon XR8,2540
2015,Ford,Mustang GT,2155
2014,Ford,#11 Rockstar F-150 Trophy Truck,2517
2014,Ford,Fiesta ST,2011
2014,Ford,FPV Limited Edition Pursuit Ute,2551
2014,Ford,FPV Limited Edition Pursuit Ute Forza Edition,2685
2014,Ford,Ranger T6 Rally Raid,2145
2013,Ford,F-150 SVT Raptor Shelby,2106
2013,Ford,Formula Ford EcoBoost 200,2081
2013,Ford,Shelby GT500,1654
2011,Ford,F-150 SVT Raptor,1460
2011,Ford,Transit SuperSportVan,1477
2010,Ford,Crown Victoria Police Interceptor,2649
2009,Ford,Focus RS,1086
2007,Ford,Shelby GT500,617
2005,Ford,Ford GT,348
2003,Ford,Focus RS,2019
2000,Ford,SVT Cobra R,405
1995,Ford,SVT Cobra R,1510
1993,Ford,SVT Cobra R,1041
1993,Ford,SVT Cobra R Forza Edition,2887
1992,Ford,Escort RS Cosworth,1272
1992,Ford,Escort RS Cosworth Forza Edition,2680
1992,Ford,Falcon GT,2514
1987,Ford,Sierra Cosworth RS500,1293
1985,Ford,RS200 Evolution,1108
1982,Ford,#6 Zakspeed Roush Mustang IMSA GT,2868
1981,Ford,#2 Zakspeed Racing Capri Turbo,2125
1981,Ford,#55 Liqui Moly equipe Capri Turbo,2309
1981,Ford,Fiesta XR2,2158
1981,Ford,Fiesta XR2 Forza Edition,2884
1978,Ford,Mustang II King Cobra,1066
1977,Ford,Escort RS1800,1302
1975,Ford,Bronco,2187
1975,Ford,Bronco Barrett-Jackson Edition,3041
1973,Ford,Capri RS3100,1529
1973,Ford,Escort RS1600,1580
1973,Ford,XB Falcon GT,1278
1972,Ford,Falcon XA GT-HO,2585
1971,Ford,Falcon XY GTHO Phase III,1616
1971,Ford,Mustang Mach 1,1320
1969,Ford,Mustang Boss 302,1668
1969,Ford,Mustang Boss 302 Forza Edition,2683
1967,Ford,Falcon XR GT,2200
1966,Ford,#2 GT40 Mk II Le Mans,2792
1966,Ford,Lotus Cortina,1486
1965,Ford,Mustang GT Coupe,1355
1964,Ford,Fairlane Thunderbolt,1333
1956,Ford,F-100,1581
1956,Ford,F-100 Forza Edition,2877
1946,Ford,Super Deluxe Station Wagon,2504
1946,Ford,Super Deluxe Woody Wagon Forza Edition,2885
1940,Ford,De Luxe Coupe,1530
1932,Ford,"Custom ""Double Down""",3052
1932,Ford,De Luxe Five-Window Coupe,2372
1932,Ford,"Roadster ""Hula Girl""",3042
2016,Formula Drift,#530 HSV Maloo Gen-F,2997
2015,Formula Drift,#13 Ford Mustang,2996
2006,Formula Drift,#43 Dodge Viper SRT10,3003
1997,Formula Drift,#777 Nissan 240SX,3000
1996,Formula Drift,#232 Nissan 240SX,2999
1995,Formula Drift,#118 Nissan 240SX,2998
1989,Formula Drift,#98 BMW 325i,3037
2017,Formula E,#11 ABT Schaeffler Audi Sport FE02,2763
2017,Formula E,#28 MS Amlin Andretti ATEC-02,2764
2017,Formula E,#33 Techeetah Z.E. 16,2843
2017,Formula E,#47 Panasonic Jaguar Racing I-Type 1,2765
2015,Formula E,#2 Virgin Racing VIR 01E,2342
2015,Formula E,#21 Mahindra M2Electro,2347
2015,Formula E,#23 Venturi 1,2348
2015,Formula E,#6 Dragon Racing Spark SRT_01E,2343
2015,Formula E,#99 NEXTEV TCR FE01,2351
1983,GMC,Vandura G-1500,1531
1985,HDT,VK Commodore Group A,2584
2012,Hennessey,Venom GT,1532
2017,Holden,#22 Walkinshaw Performance VF Commodore,2796
2016,Holden,#22 HRT Sharkbite VF Commodore,2657
2015,Holden,#14 Freightliner Racing VF Commodore,2326
2015,Holden,#22 Holden Racing Team VF Commodore,2202
2015,Holden,#97 Tekno Autosports VF Commodore,2425
2009,Holden,HSV W427,1186
1988,Holden,VL Commodore Group A SV,2203
1977,Holden,Torana A9X,1533
1977,Holden,Torana A9X Forza Edition,2687
1974,Holden,Sandman HQ panel van,2510
1973,Holden,HQ Monaro GTS 350,2417
1968,Holden,Monaro GTS 327,1511
1951,Holden,50-2106 FX Ute,2505
2018,Honda,Civic Type R,2870
2018,Honda,Odyssey,2858
2017,Honda,#5 Schmidt Peterson Motorsports IndyCar,2758
2017,Honda,#9 Chip Ganassi Racing IndyCar,2759
2016,Honda,Civic Type R,2163
2016,Honda,Civic Type R Forza Edition,2784
2015,Honda,Ridgeline Baja Trophy Truck,2745
2014,Honda,#2 Castrol Honda Civic WTCC,2233
2014,Honda,#5 Zengo Motorsport Civic WTCC,2308
2014,Honda,Civic Si,2120
2009,Honda,S2000 CR,2005
2007,Honda,Civic Type-R,625
2005,Honda,NSX-R,411
2004,Honda,Civic Type-R,302
2000,Honda,Prelude Type SH,2817
1997,Honda,Civic Type R,1273
1997,Honda,Civic Type R Forza Edition,3058
1994,Honda,Prelude Si,2121
1992,Honda,NSX-R,412
1991,Honda,CR-X SiR,320
1986,Honda,Civic Si,1650
1984,Honda,Civic CRX Mugen,2119
1970,Honda,S800,2205
1967,Honda,RA300,2265
2003,Hoonigan,Holden Commodore Ute,2735
1992,Hoonigan,Mazda RX-7 Twerkstallion,2732
1991,Hoonigan,Rauh-Welt Begriff Porsche 911 Turbo,2736
1978,Hoonigan,Ford Escort RS1800,2730
1972,Hoonigan,Chevrolet Napalm Nova,2729
1965,Hoonigan,Ford Hoonicorn Mustang,2734
1955,Hoonigan,Chevrolet Bel Air,2728
2012,Hot Wheels,Rip Rod,2751
2011,Hot Wheels,Bone Shaker,2575
2005,Hot Wheels,Ford Mustang,2576
1970,Hot Wheels,Chevrolet Corvette ZR-1 50th Anniversary Original Version,3148
1969,Hot Wheels,Chevrolet Camaro Super Sport CoupÃ© 50th Anniversary Original Version,3146
1969,Hot Wheels,Twin Mill,2750
1963,Hot Wheels,Volkswagen Beetle 50th Anniversary Original Version,3147
2014,HSV,GEN-F GTS,2131
2014,HSV,Limited Edition GEN-F GTS Maloo,2422
2011,HSV,GTS,1396
1996,HSV,GTSR,2582
2006,HUMMER,H1 Alpha,1345
2019,Hyundai,Veloster N,2872
2019,Hyundai,Veloster Turbo,2873
2013,Hyundai,Veloster Turbo,1424
2015,Infiniti,Q60 Concept,2437
2014,Infiniti,Q50 Eau Rouge,2166
2012,Infiniti,IPL G Coupe,1663
2003,Infiniti,G35 Coupe,350
1970,International,Scout 800A,2558
2017,Jaguar,F-PACE S,2571
2016,Jaguar,F-TYPE Project 7,2492
2016,Jaguar,F-TYPE Project 7 Forza Edition,2688
2015,Jaguar,F-Type R CoupÃ©,2162
2015,Jaguar,F-TYPE R CoupÃ© Fast & Furious Edition,2864
2015,Jaguar,XE-S,2570
2015,Jaguar,XFR-S,2185
2015,Jaguar,XKR-S GT,2235
2014,Jaguar,#14 Emil Frey GT3 Jaguar XK,2236
2012,Jaguar,XKR-S,1496
1993,Jaguar,XJ220,489
1993,Jaguar,XJ220 Forza Edition,2689
1990,Jaguar,XJ-S,1534
1988,Jaguar,#1 Jaguar Racing XJR-9,2826
1988,Jaguar,#60 Castrol Jaguar Racing XJR-9,1556
1983,Jaguar,#44 Group 44 XJR-5,2800
1961,Jaguar,E-type,336
1959,Jaguar,Mk II 3.8,2559
1956,Jaguar,D-Type,1301
1954,Jaguar,XK120 SE,1485
2018,Jeep,Grand Cherokee Trackhawk,2841
2016,Jeep,Trailcat,2742
2014,Jeep,Grand Cherokee SRT,2108
2012,Jeep,Wrangler Rubicon,1522
2009,Jeep,Grand Cherokee SRT8,1256
1991,Jeep,Grand Wagoneer,2206
1976,Jeep,CJ5 Renegade,2511
1945,Jeep,Willys MB,2049
2018,Kia,Stinger,2861
2016,Koenigsegg,Regera,2526
2015,Koenigsegg,One:1,2188
2011,Koenigsegg,Agera,1397
2018,KTM,X-Bow GT4,3035
2013,KTM,X-Bow R,1653
2016,Lamborghini,Aventador LP750-4 SV,2479
2016,Lamborghini,Centenario LP 770-4,2616
2015,Lamborghini,#63 Squadra Corse HuracÃ¡n LP620-2 Super Trofeo,2379
2014,Lamborghini,#14 GMG Racing LP 570-4 Super Trofeo,2307
2014,Lamborghini,#18 DragonSpeed Gallardo LP 570-4 Super Trofeo,2237
2014,Lamborghini,HuracÃ¡n LP 610-4,2164
2014,Lamborghini,Urus,1625
2013,Lamborghini,Veneno,2042
2012,Lamborghini,Aventador LP700-4,1398
2011,Lamborghini,Gallardo LP 570-4 Superleggera,1322
2011,Lamborghini,Sesto Elemento,1392
2010,Lamborghini,MurciÃ©lago LP 670-4 SV,1173
2008,Lamborghini,ReventÃ³n,1125
1999,Lamborghini,Diablo GTR,324
1997,Lamborghini,Diablo SV,325
1988,Lamborghini,Countach LP5000 QV,316
1988,Lamborghini,Jalpa,1584
1986,Lamborghini,LM 002,2176
1967,Lamborghini,Miura P400,637
1992,Lancia,Delta HF Integrale EVO,323
1986,Lancia,Delta S4,1661
1985,Lancia,Delta S4 Group B,2661
1982,Lancia,037 Stradale,1295
1980,Lancia,#31 Lancia Corse Beta Montecarlo Turbo,2305
1975,Lancia,Stratos HF Group 4,2660
1974,Lancia,Stratos HF Stradale,458
1968,Lancia,Fulvia CoupÃ© Rallye 1.6 HF,1585
2015,Land Rover,Range Rover Sport SVR,2494
2012,Land Rover,Range Rover Supercharged,1664
1997,Land Rover,Defender 90,2135
1972,Land Rover,Series III,2560
2017,Lincoln,Continental,2857
2014,Local Motors,Rally Fighter,2146
2014,Local Motors,Rally Fighter Fast & Furious Edition,2805
1969,Lola,#10 Simoniz Special T163,2312
1969,Lola,#6 Penske Sunoco T70 MklllB,2423
2016,Lotus,3-Eleven,2541
2012,Lotus,Exige S,1523
2011,Lotus,Evora S,2165
2009,Lotus,2-Eleven,1187
2005,Lotus,Elise 111S,331
2002,Lotus,Esprit V8,335
2000,Lotus,340R,2405
1999,Lotus,Elise Series 1 Sport 190,1376
1997,Lotus,Elise GT1,2825
1976,Lotus,#5 Team Lotus 77,2266
1971,Lotus,Elan Sprint,330
1967,Lotus,Type 49,2024
1956,Lotus,Eleven,1558
2017,Maserati,Levante S,2865
2014,Maserati,#35 M.Calamia Swiss Team MC Trofeo,2239
2014,Maserati,Ghibli S,2051
2010,Maserati,Gran Turismo S,1304
2010,Maserati,Gran Turismo S Forza Edition,2788
2004,Maserati,MC12,391
1997,Maserati,Ghibli Cup,1513
1961,Maserati,Tipo 61 Birdcage,1524
1957,Maserati,250F,2573
1957,Maserati,300 S,1462
1953,Maserati,A6GCS/53 Pininfarina Berlinetta,2506
1939,Maserati,8CTF,2068
2016,Mazda,MX-5,2267
2016,Mazda,MX-5 Forza Edition,2786
2015,Mazda,Formula Mazda,2083
2014,Mazda,#70 SpeedSource Lola B12/80,2240
2013,Mazda,MX-5,2004
2013,Mazda,MX-5 Cup,2084
2011,Mazda,RX-8 R3,1426
2010,Mazda,#16 Mazda Racing B09/86,1403
2010,Mazda,Mazdaspeed 3,1221
2010,Mazda,MX-5 Super20,2256
2005,Mazda,Mazdaspeed MX-5,2171
1997,Mazda,RX-7,424
1994,Mazda,MX-5 Miata,1110
1991,Mazda,#18 Mazdaspeed 787B,2328
1991,Mazda,#55 Mazda 787B,1335
1991,Mazda,#62 Mazda Motorsport RX-7,2334
1990,Mazda,MX-5 Miata,2255
1990,Mazda,Savanna RX-7,423
1985,Mazda,RX-7 GSL-SE,1480
1973,Mazda,RX-3,1514
1972,Mazda,Cosmo 110S Series II,1587
2018,McLaren,720S,2846
2018,McLaren,Senna,2988
2015,McLaren,570S CoupÃ©,2472
2015,McLaren,650S Coupe,2189
2015,McLaren,P1 GTR,2481
2014,McLaren,#60 Bhaitech 12C GT3,2241
2013,McLaren,P1,1667
2011,McLaren,#59 McLaren GT 12C GT3,1498
2011,McLaren,12C,1130
1997,McLaren,F1 GT,338
1993,McLaren,F1,1314
1988,McLaren,#12 Honda McLaren MP4/4,1670
1976,McLaren,#11 Team McLaren M23,1672
1969,McLaren,#4 McLaren Cars M8B,1457
1966,McLaren,M2B,1671
2017,Mercedes-AMG,GT R,2654
2016,Mercedes-AMG,C 63 S CoupÃ©,2471
2016,Mercedes-AMG,C 63 S CoupÃ© Forza Edition,2787
2015,Mercedes-AMG,GT S,2242
2015,Mercedes-AMG,GT S Fast & Furious Edition,2863
2017,Mercedes-Benz,#33 Mac Tools Ciceley Motorsports A-Class (A45),2875
2015,Mercedes-Benz,#24 Tankpool24 Racing Truck,2424
2015,Mercedes-Benz,#9 Erebus Motorsport E63 AMG V8 Supercar,2331
2014,Mercedes-Benz,#84 HTP Motorsport SLS AMG GT3,2244
2013,Mercedes-Benz,A 45 AMG,1658
2013,Mercedes-Benz,A 45 AMG Forza Edition,2696
2013,Mercedes-Benz,E 63 AMG,2021
2013,Mercedes-Benz,G 65 AMG,1627
2012,Mercedes-Benz,C 63 AMG CoupÃ© Black Series,1500
2012,Mercedes-Benz,C 63 AMG CoupÃ© Black Series Forza Edition,2697
2012,Mercedes-Benz,SLK 55 AMG,1525
2011,Mercedes-Benz,#35 Black Falcon SLS AMG GT3,1499
2011,Mercedes-Benz,SLS AMG,1202
2009,Mercedes-Benz,ML 63 AMG,1051
2009,Mercedes-Benz,SL 65 AMG Black Series,1090
2004,Mercedes-Benz,C 32 AMG,286
1998,Mercedes-Benz,AMG CLK GTR,568
1990,Mercedes-Benz,190E 2.5-16 Evolution II,1296
1989,Mercedes-Benz,#63 Sauber-Mercedes C 9,1560
1972,Mercedes-Benz,300 SEL 6.3,1378
1967,Mercedes-Benz,280 SL,1619
1955,Mercedes-Benz,300 SLR,1559
1954,Mercedes-Benz,300 SL CoupÃ©,251
1939,Mercedes-Benz,W154,2069
1990,Mercury,#15 Whistler Radar Cougar XR-7,2333
1970,Mercury,Cougar Eliminator,1280
1949,Mercury,Coupe,1613
1986,Merkur,#11 MAC Tools XR4Ti,3028
1968,Meyers,Manx,2416
1958,MG,MGA Twin-Cam,1487
2014,MINI,Monster Energy ALL4 Racing X-Raid,2148
2012,MINI,John Cooper Works GP,2003
2012,MINI,John Cooper Works GP Forza Edition,2700
2009,MINI,John Cooper Works,1098
1965,MINI,Cooper S,1662
1965,MINI,Cooper S Forza Edition,2699
2008,Mitsubishi,Lancer Evolution X GSR,1009
2006,Mitsubishi,Lancer Evolution IX MR,374
2004,Mitsubishi,Lancer Evolution VIII MR,378
1999,Mitsubishi,Lancer Evolution VI GSR,375
1997,Mitsubishi,GTO,357
1995,Mitsubishi,Eclipse GSX,327
1992,Mitsubishi,Galant VR-4,1381
1988,Mitsubishi,Starion ESI-R,1297
2017,Nissan,#23 Nissan Motorsport Altima,2798
2017,Nissan,#78 Nissan Motorsport Altima,2797
2017,Nissan,GT-R,2618
2016,Nissan,TITAN Warrior Concept,2662
2015,Nissan,#23 GT-R LM NISMO,2368
2015,Nissan,#23 NISMO MOTUL AUTECH GT-R,2377
2015,Nissan,IDx NISMO,2213
2014,Nissan,Juke Nismo RS,2136
2012,Nissan,GT-R Black Edition,2002
2012,Nissan,GT-R Black Edition Forza Edition,2701
2010,Nissan,370Z,1103
2003,Nissan,Fairlady Z,344
2002,Nissan,Skyline GT-R V-Spec II,445
2000,Nissan,Silvia Spec-R,441
2000,Nissan,Silvia Spec-R Forza Edition,2702
1998,Nissan,R390,567
1998,Nissan,Silvia K's Aero,2659
1997,Nissan,Skyline GT-R V-Spec,1043
1995,Nissan,NISMO GT-R LM,2738
1994,Nissan,#75 Cunningham Racing 300ZX,2099
1994,Nissan,Fairlady Z Version S Twin Turbo,345
1994,Nissan,Silvia K's,440
1993,Nissan,240SX SE,1282
1993,Nissan,Skyline GT-R V-Spec,444
1992,Nissan,Silvia CLUB K's,439
1991,Nissan,#23 Nissan R91CP,2483
1988,Nissan,#33 Bob Sharp Racing 300ZX,2840
1987,Nissan,Skyline GTS-R (R31),2512
1985,Nissan,#83 Electramotive Engineering GTP ZX-Turbo,3018
1985,Nissan,Safari Turbo,2822
1984,Nissan,#11 Tomica Skyline Turbo Super Silhouette,2801
1984,Nissan,#20 Coca-Cola Bluebird Super Silhouette,2482
1973,Nissan,Skyline H/T 2000GT-R,2270
1971,Nissan,Skyline 2000GT-R,1042
1969,Nissan,#21 Nissan Racing R382,2269
1969,Nissan,Fairlady Z 432,343
1967,Nissan,R380 II,2823
1966,Nissan,Silvia,2273
2010,Noble,M600,1253
1969,Oldsmobile,Hurst/Olds 442,1336
1984,Opel,Manta 400,2420
1979,Opel,Kadett C GT/E,2160
1968,Opel,GT,2429
2016,Pagani,Huayra BC,2647
2012,Pagani,Huayra,1427
2010,Pagani,Zonda R,1175
2009,Pagani,Zonda Cinque Roadster,1369
2011,Penhall,The Cholla,2515
2011,Peugeot,#10 Team Matmut 908,1445
2011,Peugeot,308 GTI,1348
2009,Peugeot,#9 Peugeot Sport Total 908,1191
1993,Peugeot,#3 Peugeot Talbot Sport 905 EVO 1C,550
1984,Peugeot,205 Turbo 16,1591
2000,Plymouth,Prowler,2137
1971,Plymouth,Cuda 426 HEMI,1277
1971,Plymouth,GTX 426 HEMI,1331
1971,Plymouth,GTX Fast & Furious Edition,2803
1970,Plymouth,Hemi Cuda Convertible Barrett-Jackson Edition,3045
1959,Plymouth,Atomic Punk Bubbletop,3044
1958,Plymouth,Fury,2216
2015,Polaris,RZR XP 1000 EPS,2521
2009,Pontiac,G8 GXP,1109
2009,Pontiac,Solstice GXP,1307
2002,Pontiac,Firebird Trans Am Ram Air,1065
1987,Pontiac,Firebird Trans Am GTA,1045
1987,Pontiac,Firebird Trans Am GTA Forza Edition,3057
1977,Pontiac,Firebird Trans Am,1276
1973,Pontiac,Firebird Trans Am SD-455,1005
1969,Pontiac,Firebird Trans Am,1337
1969,Pontiac,GTO Judge,1309
1965,Pontiac,GTO,1285
2019,Porsche,911 GT3 RS,3072
2018,Porsche,911 GT2 RS,2755
2018,Porsche,Cayenne Turbo,2773
2017,Porsche,#2 Porsche Team 919 Hybrid,2774
2017,Porsche,#911 Porsche GT Team 911 RSR,2775
2017,Porsche,Panamera Turbo,2741
2016,Porsche,911 GT3 RS,2528
2016,Porsche,Cayman GT4,2529
2015,Porsche,#19 Porsche Team 919 Hybrid,2554
2015,Porsche,Macan Turbo,2295
2014,Porsche,911 Turbo S,2289
2014,Porsche,918 Spyder,2290
2012,Porsche,911 GT2 RS,1539
2012,Porsche,911 GT3 RS 4.0,2297
2012,Porsche,Cayenne Turbo,1542
2011,Porsche,#45 Flying Lizard 911 GT3 RSR,1563
2008,Porsche,#7 Penske Racing RS Spyder Evo,1030
2004,Porsche,911 GT3,262
2003,Porsche,Carrera GT,292
1998,Porsche,911 GT1 Strassenversion,641
1995,Porsche,911 GT2,261
1993,Porsche,911 Turbo S Leichtbau,2794
1993,Porsche,928 GTS,2535
1989,Porsche,944 Turbo,268
1988,Porsche,#17 Porsche Dunlop 962C,2827
1987,Porsche,#17 Porsche AG 962C,540
1987,Porsche,959,269
1982,Porsche,911 Turbo 3.3,265
1980,Porsche,924 Carrera GTS,2532
1978,Porsche,#78 MOMO 935/78,2548
1973,Porsche,#6 Penske Sunoco 917/30 Can-Am Spyder,3030
1973,Porsche,911 Carrera RS,260
1971,Porsche,#23 917/20,2869
1970,Porsche,914/6,266
1966,Porsche,906 Carrera 6,3021
1964,Porsche,904 Carrera GTS,2747
1962,Porsche,804,2536
1960,Porsche,718 RS 60,2537
1957,Porsche,356A Speedster,2299
1955,Porsche,550 Spyder,1281
2015,Radical,RXC Turbo,2486
2011,Radical,SR8 RX,1247
2017,Ram,2500 Power Wagon,2838
2013,Ram,Ram Runner,2144
2013,Ram,Ram Runner Forza Edition,2678
2017,Renault,R.S.17,2845
2013,Renault,Clio R.S. 200 EDC,2022
2010,Renault,Clio R.S.,1264
2010,Renault,Megane R.S. 250,1204
2003,Renault,Sport Clio V6,453
1993,Renault,Clio Williams,2149
1990,Renault,Alpine GTA Le Mans,2426
1980,Renault,5 Turbo,634
1973,Renault,Alpine A110 1600s,1536
2016,RJ Anderson,#37 Polaris RZR-Rockstar Energy Pro 2 Truck,2663
2016,Rolls-Royce,Dawn,2546
2014,Rolls-Royce,Wraith,2044
2004,Saleen,S7,432
1965,Shelby,Cobra 427 S/C,306
1965,Shelby,Cobra Daytona Coupe,1155
1963,Shelby,Monaco King Cobra,3079
2016,Spania GTA,GTA Spano,2475
2013,SRT,#91 SRT Motorsport GTS-R,1606
2013,SRT,Viper GTS,1562
2016,SUBARU,#199 WRX STI VT15r Rally Car,2715
2016,SUBARU,#75 WRX STI VT15r Rally Car,2716
2016,SUBARU,WRX STI Fast & Furious Edition,2820
2015,SUBARU,WRX STI,2168
2013,SUBARU,BRZ,1655
2013,SUBARU,BRZ Fast & Furious Edition,2804
2013,SUBARU,BRZ Forza Edition,2705
2011,SUBARU,WRX STI,1323
2008,SUBARU,Impreza WRX STI,1060
2005,SUBARU,Impreza WRX STi,365
2005,SUBARU,Legacy B4 2.0 GT,379
2004,SUBARU,Impreza WRX STi,364
1998,SUBARU,Impreza 22B STi,363
1998,SUBARU,Impreza 22B STi Forza Edition,2706
1996,SUBARU,SVX,2217
1990,SUBARU,Legacy RS,1382
1980,SUBARU,BRAT GL,2140
1980,SUBARU,BRAT GL Forza Edition,2704
1968,SUBARU,360,2799
2017,Tamo,Racemo,2746
2017,Toyota,#18 Joe Gibbs Racing M&Ms Camry,2834
2017,Toyota,#18 Joe Gibbs Racing Skittles Camry,2836
2017,Toyota,#18 Joe Gibbs Racing Snickers Camry,2835
2016,Toyota,Land Cruiser Arctic Trucks AT37,2743
2007,Toyota,Hilux Arctic Trucks AT38,2656
1993,Toyota,#1 T100 Baja Truck,2636
1992,Toyota,#99 All American Racers Toyota Eagle Mk III,2434
2005,TVR,Sagaris,433
1998,TVR,Cerbera Speed 12,296
2015,Ultima,Evolution Coupe 1020,2569
2016,Vauxhall,Corsa VXR,2427
2012,Vauxhall,Astra VXR,1490
2009,Vauxhall,Corsa VXR,1101
2006,Vauxhall,Astra VXR,278
1990,Vauxhall,Lotus Carlton,291
2015,Volkswagen,Global RallyCross Beetle,2257
2014,Volkswagen,Golf R,2142
2011,Volkswagen,Scirocco R,1428
2010,Volkswagen,Golf R,1231
2008,Volkswagen,Touareg R50,1094
2003,Volkswagen,Golf R32,354
1998,Volkswagen,GTI VR6 Mk3,1383
1995,Volkswagen,Corrado VR6,309
1992,Volkswagen,Golf Gti 16v Mk2,353
1988,Volkswagen,Scirocco 16v,1612
1984,Volkswagen,Rabbit GTI,1107
1981,Volkswagen,Scirocco S,1380
1970,Volkswagen,#1107 Desert Dingo Racing Stock Bug,2258
1967,Volkswagen,Karmann Ghia,1561
1967,Volkswagen,Type 3 1600 L,2374
1963,Volkswagen,Beetle,1435
1963,Volkswagen,Type 2 De Luxe,2151
2017,Volvo,XC90 R-Design,2867
2015,Volvo,S60 Polestar,2259
2015,Volvo,V60 Polestar,2586
2014,Volvo,#1 Volvo Polestar Racing S60 STCC,2251
2014,Volvo,#13 Volvo Polestar Racing S60 STCC,2402
1997,Volvo,850 R,1387
1983,Volvo,242 Turbo Evolution,1299
1972,Volvo,1800E,1595
1967,Volvo,123GT,1594
2017,VUHL,05RR,2844
2016,W Motors,Lykan HyperSport,2428
2016,Zenvo,ST1,2474
